eye_aperture,brow_lowering,lip_compression,jaw_angle,mouth_corner_stretch,frame,track_id
0.23242590505708471,0.17189272755335808,0.010686953010463823,66.55226065402182,-0.02370206438854607,1167,3
0.24452312940876275,0.17043095303755249,0.0026576609992027397,66.27200350633893,-0.015497352299756177,1169,3
0.3062150809645723,0.15480130936493092,0.004966190801288756,64.45435100334704,-0.022969848247970673,1179,4
0.24080348887075315,0.15764703158292,0.019416900704492875,69.04015315055761,-0.014689328485573992,1181,4
0.21940359828670328,0.1738257283544941,0.060263141037926043,67.77463322604461,-0.022769217319243237,1239,5
0.19751752973007775,0.1668098136420396,0.06307331471457103,66.98500438062815,-0.005347624375132725,1241,5
